code,system
14A..00,readv2
14A3.00,readv2
14A4.00,readv2
G311.00,readv2
14AH.00,readv2
7927500,readv2
ZV45800,readv2
322..00,readv2
G3...00,readv2
G3...13,readv2
G31..00,readv2
G31y.00,readv2
G31yz00,readv2
G34..00,readv2
G343.00,readv2
G34y100,readv2
G34z.00,readv2
G3y..00,readv2
G3z..00,readv2
Gyu3.00,readv2
5543,readv2
8B63.11,readv2
9Ob0.00,readv2
G3...11,readv2
G340.00,readv2
G34z000,readv2
6A2..00,readv2
6A4..00,readv2
8B3k.00,readv2
792..00,readv2
7927100,readv2
792B.00,readv2
7927400,readv2
792A100,readv2
792B000,readv2
G332.00,readv2
G340.12,readv2
7927z00,readv2
792z.00,readv2
G341z00,readv2
792A.00,readv2
792Ay00,readv2
792Az00,readv2
G3...12,readv2
G340.11,readv2
G342.00,readv2
G340000,readv2
G340100,readv2
G341200,readv2
G341.00,readv2
G341.11,readv2
G341000,readv2
G341100,readv2
G37..00,readv2
G34y000,readv2
SP07600,readv2
ZV45700,readv2
ZV45K00,readv2
ZV45K11,readv2